service,region,date,series,billing,price,list_price,source,flag,prev_price,change_pct
JioHotstar,IN,2025-02-01,JioHotstar | Mobile | annual,annual,499,,news_reports,,,
JioHotstar,IN,2025-03-01,JioHotstar | Mobile | annual,annual,499,,news_reports,,499.0,0.0
JioHotstar,IN,2025-04-01,JioHotstar | Mobile | annual,annual,499,,news_reports,,499.0,0.0
JioHotstar,IN,2025-05-01,JioHotstar | Mobile | annual,annual,499,,news_reports,,499.0,0.0
JioHotstar,IN,2025-06-01,JioHotstar | Mobile | annual,annual,499,,news_reports,,499.0,0.0
JioHotstar,IN,2025-07-01,JioHotstar | Mobile | annual,annual,499,,news_reports,,499.0,0.0
JioHotstar,IN,2025-08-01,JioHotstar | Mobile | annual,annual,499,,news_reports,,499.0,0.0
JioHotstar,IN,2025-09-01,JioHotstar | Mobile | annual,annual,499,,news_reports,,499.0,0.0
JioHotstar,IN,2025-10-01,JioHotstar | Mobile | annual,annual,499,,news_reports,,499.0,0.0
JioHotstar,IN,2025-11-01,JioHotstar | Mobile | annual,annual,499,,news_reports,,499.0,0.0
JioHotstar,IN,2025-12-01,JioHotstar | Mobile | annual,annual,499,,news_reports,,499.0,0.0
JioHotstar,IN,2026-01-01,JioHotstar | Mobile | annual,annual,499,,news_reports,,499.0,0.0
JioHotstar,IN,2026-02-01,JioHotstar | Mobile | annual,annual,499,,news_reports,,499.0,0.0
JioHotstar,IN,2026-03-01,JioHotstar | Mobile | annual,annual,499,,news_reports,,499.0,0.0
JioHotstar,IN,2026-04-01,JioHotstar | Mobile | annual,annual,499,,news_reports,,499.0,0.0
JioHotstar,IN,2026-05-01,JioHotstar | Mobile | annual,annual,499,,news_reports,,499.0,0.0
JioHotstar,IN,2026-06-01,JioHotstar | Mobile | annual,annual,499,,news_reports,,499.0,0.0
JioHotstar,IN,2026-07-01,JioHotstar | Mobile | annual,annual,499,,news_reports,,499.0,0.0
JioHotstar,IN,2026-08-01,JioHotstar | Mobile | annual,annual,499,,news_reports,,499.0,0.0
JioHotstar,IN,2026-09-01,JioHotstar | Mobile | annual,annual,499,,news_reports,,499.0,0.0
JioHotstar,IN,2026-02-01,JioHotstar | Mobile | monthly,monthly,79,,news_reports,,,
JioHotstar,IN,2026-03-01,JioHotstar | Mobile | monthly,monthly,79,,news_reports,,79.0,0.0
JioHotstar,IN,2026-04-01,JioHotstar | Mobile | monthly,monthly,79,,news_reports,,79.0,0.0
JioHotstar,IN,2026-05-01,JioHotstar | Mobile | monthly,monthly,79,,news_reports,,79.0,0.0
JioHotstar,IN,2026-06-01,JioHotstar | Mobile | monthly,monthly,79,,news_reports,,79.0,0.0
JioHotstar,IN,2026-07-01,JioHotstar | Mobile | monthly,monthly,79,,news_reports,,79.0,0.0
JioHotstar,IN,2026-08-01,JioHotstar | Mobile | monthly,monthly,79,,news_reports,,79.0,0.0
JioHotstar,IN,2026-09-01,JioHotstar | Mobile | monthly,monthly,79,,news_reports,,79.0,0.0
JioHotstar,IN,2025-02-01,JioHotstar | Mobile | quarterly,quarterly,149,,news_reports,,,
JioHotstar,IN,2025-03-01,JioHotstar | Mobile | quarterly,quarterly,149,,news_reports,,149.0,0.0
JioHotstar,IN,2025-04-01,JioHotstar | Mobile | quarterly,quarterly,149,,news_reports,,149.0,0.0
JioHotstar,IN,2025-05-01,JioHotstar | Mobile | quarterly,quarterly,149,,news_reports,,149.0,0.0
JioHotstar,IN,2025-06-01,JioHotstar | Mobile | quarterly,quarterly,149,,news_reports,,149.0,0.0
JioHotstar,IN,2025-07-01,JioHotstar | Mobile | quarterly,quarterly,149,,news_reports,,149.0,0.0
JioHotstar,IN,2025-08-01,JioHotstar | Mobile | quarterly,quarterly,149,,news_reports,,149.0,0.0
JioHotstar,IN,2025-09-01,JioHotstar | Mobile | quarterly,quarterly,149,,news_reports,,149.0,0.0
JioHotstar,IN,2025-10-01,JioHotstar | Mobile | quarterly,quarterly,149,,news_reports,,149.0,0.0
JioHotstar,IN,2025-11-01,JioHotstar | Mobile | quarterly,quarterly,149,,news_reports,,149.0,0.0
JioHotstar,IN,2025-12-01,JioHotstar | Mobile | quarterly,quarterly,149,,news_reports,,149.0,0.0
JioHotstar,IN,2026-01-01,JioHotstar | Mobile | quarterly,quarterly,149,,news_reports,,149.0,0.0
JioHotstar,IN,2026-02-01,JioHotstar | Mobile | quarterly,quarterly,149,,news_reports,,149.0,0.0
JioHotstar,IN,2026-03-01,JioHotstar | Mobile | quarterly,quarterly,149,,news_reports,,149.0,0.0
JioHotstar,IN,2026-04-01,JioHotstar | Mobile | quarterly,quarterly,149,,news_reports,,149.0,0.0
JioHotstar,IN,2026-05-01,JioHotstar | Mobile | quarterly,quarterly,149,,news_reports,,149.0,0.0
JioHotstar,IN,2026-06-01,JioHotstar | Mobile | quarterly,quarterly,149,,news_reports,,149.0,0.0
JioHotstar,IN,2026-07-01,JioHotstar | Mobile | quarterly,quarterly,149,,news_reports,,149.0,0.0
JioHotstar,IN,2026-08-01,JioHotstar | Mobile | quarterly,quarterly,149,,news_reports,,149.0,0.0
JioHotstar,IN,2026-09-01,JioHotstar | Mobile | quarterly,quarterly,149,,news_reports,,149.0,0.0
JioHotstar,IN,2025-02-01,JioHotstar | Premium | annual,annual,1499,,news_reports,,,
JioHotstar,IN,2025-03-01,JioHotstar | Premium | annual,annual,1499,,news_reports,,1499.0,0.0
JioHotstar,IN,2025-04-01,JioHotstar | Premium | annual,annual,1499,,news_reports,,1499.0,0.0
JioHotstar,IN,2025-05-01,JioHotstar | Premium | annual,annual,1499,,news_reports,,1499.0,0.0
JioHotstar,IN,2025-06-01,JioHotstar | Premium | annual,annual,1499,,news_reports,,1499.0,0.0
JioHotstar,IN,2025-07-01,JioHotstar | Premium | annual,annual,1499,,news_reports,,1499.0,0.0
JioHotstar,IN,2025-08-01,JioHotstar | Premium | annual,annual,1499,,news_reports,,1499.0,0.0
JioHotstar,IN,2025-09-01,JioHotstar | Premium | annual,annual,1499,,news_reports,,1499.0,0.0
JioHotstar,IN,2025-10-01,JioHotstar | Premium | annual,annual,1499,,news_reports,,1499.0,0.0
JioHotstar,IN,2025-11-01,JioHotstar | Premium | annual,annual,1499,,news_reports,,1499.0,0.0
JioHotstar,IN,2025-12-01,JioHotstar | Premium | annual,annual,1499,,news_reports,,1499.0,0.0
JioHotstar,IN,2026-01-01,JioHotstar | Premium | annual,annual,1499,,news_reports,,1499.0,0.0
JioHotstar,IN,2026-02-01,JioHotstar | Premium | annual,annual,2199,,news_reports,,1499.0,46.7
JioHotstar,IN,2026-03-01,JioHotstar | Premium | annual,annual,2199,,news_reports,,2199.0,0.0
JioHotstar,IN,2026-04-01,JioHotstar | Premium | annual,annual,2199,,news_reports,,2199.0,0.0
JioHotstar,IN,2026-05-01,JioHotstar | Premium | annual,annual,2199,,news_reports,,2199.0,0.0
JioHotstar,IN,2026-06-01,JioHotstar | Premium | annual,annual,2199,,news_reports,,2199.0,0.0
JioHotstar,IN,2026-07-01,JioHotstar | Premium | annual,annual,2199,,news_reports,,2199.0,0.0
JioHotstar,IN,2026-08-01,JioHotstar | Premium | annual,annual,2199,,news_reports,,2199.0,0.0
JioHotstar,IN,2026-09-01,JioHotstar | Premium | annual,annual,2199,,news_reports,,2199.0,0.0
JioHotstar,IN,2026-02-01,JioHotstar | Premium | monthly,monthly,299,,news_reports,,,
JioHotstar,IN,2026-03-01,JioHotstar | Premium | monthly,monthly,299,,news_reports,,299.0,0.0
JioHotstar,IN,2026-04-01,JioHotstar | Premium | monthly,monthly,299,,news_reports,,299.0,0.0
JioHotstar,IN,2026-05-01,JioHotstar | Premium | monthly,monthly,299,,news_reports,,299.0,0.0
JioHotstar,IN,2026-06-01,JioHotstar | Premium | monthly,monthly,299,,news_reports,,299.0,0.0
JioHotstar,IN,2026-07-01,JioHotstar | Premium | monthly,monthly,299,,news_reports,,299.0,0.0
JioHotstar,IN,2026-08-01,JioHotstar | Premium | monthly,monthly,299,,news_reports,,299.0,0.0
JioHotstar,IN,2026-09-01,JioHotstar | Premium | monthly,monthly,299,,news_reports,,299.0,0.0
JioHotstar,IN,2025-02-01,JioHotstar | Premium | quarterly,quarterly,499,,news_reports,,,
JioHotstar,IN,2025-03-01,JioHotstar | Premium | quarterly,quarterly,499,,news_reports,,499.0,0.0
JioHotstar,IN,2025-04-01,JioHotstar | Premium | quarterly,quarterly,499,,news_reports,,499.0,0.0
JioHotstar,IN,2025-05-01,JioHotstar | Premium | quarterly,quarterly,499,,news_reports,,499.0,0.0
JioHotstar,IN,2025-06-01,JioHotstar | Premium | quarterly,quarterly,499,,news_reports,,499.0,0.0
JioHotstar,IN,2025-07-01,JioHotstar | Premium | quarterly,quarterly,499,,news_reports,,499.0,0.0
JioHotstar,IN,2025-08-01,JioHotstar | Premium | quarterly,quarterly,499,,news_reports,,499.0,0.0
JioHotstar,IN,2025-09-01,JioHotstar | Premium | quarterly,quarterly,499,,news_reports,,499.0,0.0
JioHotstar,IN,2025-10-01,JioHotstar | Premium | quarterly,quarterly,499,,news_reports,,499.0,0.0
JioHotstar,IN,2025-11-01,JioHotstar | Premium | quarterly,quarterly,499,,news_reports,,499.0,0.0
JioHotstar,IN,2025-12-01,JioHotstar | Premium | quarterly,quarterly,499,,news_reports,,499.0,0.0
JioHotstar,IN,2026-01-01,JioHotstar | Premium | quarterly,quarterly,499,,news_reports,,499.0,0.0
JioHotstar,IN,2026-02-01,JioHotstar | Premium | quarterly,quarterly,699,,news_reports,,499.0,40.1
JioHotstar,IN,2026-03-01,JioHotstar | Premium | quarterly,quarterly,699,,news_reports,,699.0,0.0
JioHotstar,IN,2026-04-01,JioHotstar | Premium | quarterly,quarterly,699,,news_reports,,699.0,0.0
JioHotstar,IN,2026-05-01,JioHotstar | Premium | quarterly,quarterly,699,,news_reports,,699.0,0.0
JioHotstar,IN,2026-06-01,JioHotstar | Premium | quarterly,quarterly,699,,news_reports,,699.0,0.0
JioHotstar,IN,2026-07-01,JioHotstar | Premium | quarterly,quarterly,699,,news_reports,,699.0,0.0
JioHotstar,IN,2026-08-01,JioHotstar | Premium | quarterly,quarterly,699,,news_reports,,699.0,0.0
JioHotstar,IN,2026-09-01,JioHotstar | Premium | quarterly,quarterly,699,,news_reports,,699.0,0.0
JioHotstar,IN,2025-02-01,JioHotstar | Super | annual,annual,899,,news_reports,,,
JioHotstar,IN,2025-03-01,JioHotstar | Super | annual,annual,899,,news_reports,,899.0,0.0
JioHotstar,IN,2025-04-01,JioHotstar | Super | annual,annual,899,,news_reports,,899.0,0.0
JioHotstar,IN,2025-05-01,JioHotstar | Super | annual,annual,899,,news_reports,,899.0,0.0
JioHotstar,IN,2025-06-01,JioHotstar | Super | annual,annual,899,,news_reports,,899.0,0.0
JioHotstar,IN,2025-07-01,JioHotstar | Super | annual,annual,899,,news_reports,,899.0,0.0
JioHotstar,IN,2025-08-01,JioHotstar | Super | annual,annual,899,,news_reports,,899.0,0.0
JioHotstar,IN,2025-09-01,JioHotstar | Super | annual,annual,899,,news_reports,,899.0,0.0
JioHotstar,IN,2025-10-01,JioHotstar | Super | annual,annual,899,,news_reports,,899.0,0.0
JioHotstar,IN,2025-11-01,JioHotstar | Super | annual,annual,899,,news_reports,,899.0,0.0
JioHotstar,IN,2025-12-01,JioHotstar | Super | annual,annual,899,,news_reports,,899.0,0.0
JioHotstar,IN,2026-01-01,JioHotstar | Super | annual,annual,899,,news_reports,,899.0,0.0
JioHotstar,IN,2026-02-01,JioHotstar | Super | annual,annual,1099,,news_reports,,899.0,22.2
JioHotstar,IN,2026-03-01,JioHotstar | Super | annual,annual,1099,,news_reports,,1099.0,0.0
JioHotstar,IN,2026-04-01,JioHotstar | Super | annual,annual,1099,,news_reports,,1099.0,0.0
JioHotstar,IN,2026-05-01,JioHotstar | Super | annual,annual,1099,,news_reports,,1099.0,0.0
JioHotstar,IN,2026-06-01,JioHotstar | Super | annual,annual,1099,,news_reports,,1099.0,0.0
JioHotstar,IN,2026-07-01,JioHotstar | Super | annual,annual,1099,,news_reports,,1099.0,0.0
JioHotstar,IN,2026-08-01,JioHotstar | Super | annual,annual,1099,,news_reports,,1099.0,0.0
JioHotstar,IN,2026-09-01,JioHotstar | Super | annual,annual,1099,,news_reports,,1099.0,0.0
JioHotstar,IN,2026-02-01,JioHotstar | Super | monthly,monthly,149,,news_reports,,,
JioHotstar,IN,2026-03-01,JioHotstar | Super | monthly,monthly,149,,news_reports,,149.0,0.0
JioHotstar,IN,2026-04-01,JioHotstar | Super | monthly,monthly,149,,news_reports,,149.0,0.0
JioHotstar,IN,2026-05-01,JioHotstar | Super | monthly,monthly,149,,news_reports,,149.0,0.0
JioHotstar,IN,2026-06-01,JioHotstar | Super | monthly,monthly,149,,news_reports,,149.0,0.0
JioHotstar,IN,2026-07-01,JioHotstar | Super | monthly,monthly,149,,news_reports,,149.0,0.0
JioHotstar,IN,2026-08-01,JioHotstar | Super | monthly,monthly,149,,news_reports,,149.0,0.0
JioHotstar,IN,2026-09-01,JioHotstar | Super | monthly,monthly,149,,news_reports,,149.0,0.0
JioHotstar,IN,2025-02-01,JioHotstar | Super | quarterly,quarterly,299,,news_reports,,,
JioHotstar,IN,2025-03-01,JioHotstar | Super | quarterly,quarterly,299,,news_reports,,299.0,0.0
JioHotstar,IN,2025-04-01,JioHotstar | Super | quarterly,quarterly,299,,news_reports,,299.0,0.0
JioHotstar,IN,2025-05-01,JioHotstar | Super | quarterly,quarterly,299,,news_reports,,299.0,0.0
JioHotstar,IN,2025-06-01,JioHotstar | Super | quarterly,quarterly,299,,news_reports,,299.0,0.0
JioHotstar,IN,2025-07-01,JioHotstar | Super | quarterly,quarterly,299,,news_reports,,299.0,0.0
JioHotstar,IN,2025-08-01,JioHotstar | Super | quarterly,quarterly,299,,news_reports,,299.0,0.0
JioHotstar,IN,2025-09-01,JioHotstar | Super | quarterly,quarterly,299,,news_reports,,299.0,0.0
JioHotstar,IN,2025-10-01,JioHotstar | Super | quarterly,quarterly,299,,news_reports,,299.0,0.0
JioHotstar,IN,2025-11-01,JioHotstar | Super | quarterly,quarterly,299,,news_reports,,299.0,0.0
JioHotstar,IN,2025-12-01,JioHotstar | Super | quarterly,quarterly,299,,news_reports,,299.0,0.0
JioHotstar,IN,2026-01-01,JioHotstar | Super | quarterly,quarterly,299,,news_reports,,299.0,0.0
JioHotstar,IN,2026-02-01,JioHotstar | Super | quarterly,quarterly,349,,news_reports,,299.0,16.7
JioHotstar,IN,2026-03-01,JioHotstar | Super | quarterly,quarterly,349,,news_reports,,349.0,0.0
JioHotstar,IN,2026-04-01,JioHotstar | Super | quarterly,quarterly,349,,news_reports,,349.0,0.0
JioHotstar,IN,2026-05-01,JioHotstar | Super | quarterly,quarterly,349,,news_reports,,349.0,0.0
JioHotstar,IN,2026-06-01,JioHotstar | Super | quarterly,quarterly,349,,news_reports,,349.0,0.0
JioHotstar,IN,2026-07-01,JioHotstar | Super | quarterly,quarterly,349,,news_reports,,349.0,0.0
JioHotstar,IN,2026-08-01,JioHotstar | Super | quarterly,quarterly,349,,news_reports,,349.0,0.0
JioHotstar,IN,2026-09-01,JioHotstar | Super | quarterly,quarterly,349,,news_reports,,349.0,0.0
Spotify,IN,2021-02-24,Spotify | Duo | monthly,monthly,149,,wayback,,,
Spotify,IN,2021-04-14,Spotify | Duo | monthly,monthly,165,,wayback,,149.0,10.7
Spotify,IN,2021-05-19,Spotify | Duo | monthly,monthly,165,,wayback,,165.0,0.0
Spotify,IN,2021-06-15,Spotify | Duo | monthly,monthly,165,,wayback,,165.0,0.0
Spotify,IN,2021-07-17,Spotify | Duo | monthly,monthly,165,,wayback,,165.0,0.0
Spotify,IN,2021-09-21,Spotify | Duo | monthly,monthly,165,,wayback,,165.0,0.0
Spotify,IN,2021-11-09,Spotify | Duo | monthly,monthly,165,,wayback,,165.0,0.0
Spotify,IN,2021-12-01,Spotify | Duo | monthly,monthly,165,,wayback,,165.0,0.0
Spotify,IN,2022-01-01,Spotify | Duo | monthly,monthly,165,,wayback,,165.0,0.0
Spotify,IN,2022-02-18,Spotify | Duo | monthly,monthly,149,,wayback,,165.0,-9.7
Spotify,IN,2022-03-07,Spotify | Duo | monthly,monthly,149,,wayback,,149.0,0.0
Spotify,IN,2022-04-18,Spotify | Duo | monthly,monthly,149,,wayback,,149.0,0.0
Spotify,IN,2022-05-18,Spotify | Duo | monthly,monthly,149,,wayback,,149.0,0.0
Spotify,IN,2022-06-12,Spotify | Duo | monthly,monthly,149,,wayback,,149.0,0.0
Spotify,IN,2022-07-13,Spotify | Duo | monthly,monthly,149,,wayback,,149.0,0.0
Spotify,IN,2022-08-14,Spotify | Duo | monthly,monthly,149,,wayback,,149.0,0.0
Spotify,IN,2022-11-05,Spotify | Duo | monthly,monthly,149,,wayback,,149.0,0.0
Spotify,IN,2022-12-02,Spotify | Duo | monthly,monthly,149,,wayback,,149.0,0.0
Spotify,IN,2023-01-05,Spotify | Duo | monthly,monthly,149,,wayback,,149.0,0.0
Spotify,IN,2023-02-01,Spotify | Duo | monthly,monthly,149,,wayback,,149.0,0.0
Spotify,IN,2023-03-08,Spotify | Duo | monthly,monthly,149,,wayback,,149.0,0.0
Spotify,IN,2023-04-01,Spotify | Duo | monthly,monthly,149,,wayback,,149.0,0.0
Spotify,IN,2023-05-04,Spotify | Duo | monthly,monthly,149,,wayback,,149.0,0.0
Spotify,IN,2023-06-08,Spotify | Duo | monthly,monthly,149,,wayback,,149.0,0.0
Spotify,IN,2023-07-25,Spotify | Duo | monthly,monthly,149,,wayback,,149.0,0.0
Spotify,IN,2023-08-18,Spotify | Duo | monthly,monthly,149,,wayback,,149.0,0.0
Spotify,IN,2023-09-24,Spotify | Duo | monthly,monthly,149,,wayback,,149.0,0.0
Spotify,IN,2023-10-01,Spotify | Duo | monthly,monthly,149,,wayback,,149.0,0.0
Spotify,IN,2023-11-06,Spotify | Duo | monthly,monthly,149,,wayback,,149.0,0.0
Spotify,IN,2024-01-23,Spotify | Duo | monthly,monthly,149,,wayback,,149.0,0.0
Spotify,IN,2024-02-03,Spotify | Duo | monthly,monthly,149,,wayback,,149.0,0.0
Spotify,IN,2024-03-09,Spotify | Duo | monthly,monthly,149,,wayback,,149.0,0.0
Spotify,IN,2024-04-19,Spotify | Duo | monthly,monthly,149,,wayback,,149.0,0.0
Spotify,IN,2024-05-10,Spotify | Duo | monthly,monthly,149,,wayback,,149.0,0.0
Spotify,IN,2024-06-21,Spotify | Duo | monthly,monthly,149,,wayback,,149.0,0.0
Spotify,IN,2024-07-06,Spotify | Duo | monthly,monthly,149,,wayback,,149.0,0.0
Spotify,IN,2024-08-17,Spotify | Duo | monthly,monthly,149,,wayback,,149.0,0.0
Spotify,IN,2024-09-07,Spotify | Duo | monthly,monthly,149,,wayback,,149.0,0.0
Spotify,IN,2024-11-25,Spotify | Duo | monthly,monthly,149,,wayback,,149.0,0.0
Spotify,IN,2024-12-10,Spotify | Duo | monthly,monthly,149,,wayback,,149.0,0.0
Spotify,IN,2025-01-16,Spotify | Duo | monthly,monthly,149,,wayback,,149.0,0.0
Spotify,IN,2025-02-26,Spotify | Duo | monthly,monthly,149,,wayback,,149.0,0.0
Spotify,IN,2025-03-14,Spotify | Duo | monthly,monthly,149,,wayback,,149.0,0.0
Spotify,IN,2025-04-09,Spotify | Duo | monthly,monthly,149,,wayback,,149.0,0.0
Spotify,IN,2025-05-05,Spotify | Duo | monthly,monthly,149,,wayback,,149.0,0.0
Spotify,IN,2025-06-02,Spotify | Duo | monthly,monthly,149,,wayback,,149.0,0.0
Spotify,IN,2025-07-10,Spotify | Duo | monthly,monthly,149,,wayback,,149.0,0.0
Spotify,IN,2025-08-04,Spotify | Duo | monthly,monthly,179,,wayback,,149.0,20.1
Spotify,IN,2025-09-23,Spotify | Duo | monthly,monthly,179,,wayback,,179.0,0.0
Spotify,IN,2025-10-08,Spotify | Duo | monthly,monthly,179,,wayback,,179.0,0.0
Spotify,IN,2021-02-24,Spotify | Family | monthly,monthly,179,,wayback,,,
Spotify,IN,2021-04-14,Spotify | Family | monthly,monthly,199,,wayback,,179.0,11.2
Spotify,IN,2021-05-19,Spotify | Family | monthly,monthly,199,,wayback,,199.0,0.0
Spotify,IN,2021-06-15,Spotify | Family | monthly,monthly,199,,wayback,,199.0,0.0
Spotify,IN,2021-07-17,Spotify | Family | monthly,monthly,199,,wayback,,199.0,0.0
Spotify,IN,2021-09-21,Spotify | Family | monthly,monthly,199,,wayback,,199.0,0.0
Spotify,IN,2021-11-09,Spotify | Family | monthly,monthly,199,,wayback,,199.0,0.0
Spotify,IN,2021-12-01,Spotify | Family | monthly,monthly,199,,wayback,,199.0,0.0
Spotify,IN,2022-01-01,Spotify | Family | monthly,monthly,199,,wayback,,199.0,0.0
Spotify,IN,2022-02-18,Spotify | Family | monthly,monthly,179,,wayback,,199.0,-10.1
Spotify,IN,2022-03-07,Spotify | Family | monthly,monthly,179,,wayback,,179.0,0.0
Spotify,IN,2022-04-18,Spotify | Family | monthly,monthly,179,,wayback,,179.0,0.0
Spotify,IN,2022-05-18,Spotify | Family | monthly,monthly,179,,wayback,,179.0,0.0
Spotify,IN,2022-06-12,Spotify | Family | monthly,monthly,179,,wayback,,179.0,0.0
Spotify,IN,2022-07-13,Spotify | Family | monthly,monthly,179,,wayback,,179.0,0.0
Spotify,IN,2022-08-14,Spotify | Family | monthly,monthly,179,,wayback,,179.0,0.0
Spotify,IN,2022-11-05,Spotify | Family | monthly,monthly,179,,wayback,,179.0,0.0
Spotify,IN,2022-12-02,Spotify | Family | monthly,monthly,179,,wayback,,179.0,0.0
Spotify,IN,2023-01-05,Spotify | Family | monthly,monthly,179,,wayback,,179.0,0.0
Spotify,IN,2023-02-01,Spotify | Family | monthly,monthly,179,,wayback,,179.0,0.0
Spotify,IN,2023-03-08,Spotify | Family | monthly,monthly,179,,wayback,,179.0,0.0
Spotify,IN,2023-04-01,Spotify | Family | monthly,monthly,179,,wayback,,179.0,0.0
Spotify,IN,2023-05-04,Spotify | Family | monthly,monthly,179,,wayback,,179.0,0.0
Spotify,IN,2023-06-08,Spotify | Family | monthly,monthly,179,,wayback,,179.0,0.0
Spotify,IN,2023-07-25,Spotify | Family | monthly,monthly,179,,wayback,,179.0,0.0
Spotify,IN,2023-08-18,Spotify | Family | monthly,monthly,179,,wayback,,179.0,0.0
Spotify,IN,2023-09-24,Spotify | Family | monthly,monthly,179,,wayback,,179.0,0.0
Spotify,IN,2023-10-01,Spotify | Family | monthly,monthly,179,,wayback,,179.0,0.0
Spotify,IN,2023-11-06,Spotify | Family | monthly,monthly,179,,wayback,,179.0,0.0
Spotify,IN,2024-01-23,Spotify | Family | monthly,monthly,179,,wayback,,179.0,0.0
Spotify,IN,2024-02-03,Spotify | Family | monthly,monthly,179,,wayback,,179.0,0.0
Spotify,IN,2024-03-09,Spotify | Family | monthly,monthly,179,,wayback,,179.0,0.0
Spotify,IN,2024-04-19,Spotify | Family | monthly,monthly,179,,wayback,,179.0,0.0
Spotify,IN,2024-05-10,Spotify | Family | monthly,monthly,179,,wayback,,179.0,0.0
Spotify,IN,2024-06-21,Spotify | Family | monthly,monthly,179,,wayback,,179.0,0.0
Spotify,IN,2024-07-06,Spotify | Family | monthly,monthly,179,,wayback,,179.0,0.0
Spotify,IN,2024-08-17,Spotify | Family | monthly,monthly,179,,wayback,,179.0,0.0
Spotify,IN,2024-09-07,Spotify | Family | monthly,monthly,179,,wayback,,179.0,0.0
Spotify,IN,2024-11-25,Spotify | Family | monthly,monthly,179,,wayback,,179.0,0.0
Spotify,IN,2024-12-10,Spotify | Family | monthly,monthly,179,,wayback,,179.0,0.0
Spotify,IN,2025-01-16,Spotify | Family | monthly,monthly,179,,wayback,,179.0,0.0
Spotify,IN,2025-02-26,Spotify | Family | monthly,monthly,179,,wayback,,179.0,0.0
Spotify,IN,2025-03-14,Spotify | Family | monthly,monthly,179,,wayback,,179.0,0.0
Spotify,IN,2025-04-09,Spotify | Family | monthly,monthly,179,,wayback,,179.0,0.0
Spotify,IN,2025-05-05,Spotify | Family | monthly,monthly,179,,wayback,,179.0,0.0
Spotify,IN,2025-06-02,Spotify | Family | monthly,monthly,179,,wayback,,179.0,0.0
Spotify,IN,2025-07-10,Spotify | Family | monthly,monthly,179,,wayback,,179.0,0.0
Spotify,IN,2025-08-04,Spotify | Family | monthly,monthly,229,,wayback,,179.0,27.9
Spotify,IN,2025-09-23,Spotify | Family | monthly,monthly,229,,wayback,,229.0,0.0
Spotify,IN,2025-10-08,Spotify | Family | monthly,monthly,229,,wayback,,229.0,0.0
Spotify,IN,2021-02-24,Spotify | Individual/Lite | monthly,monthly,119,,wayback,,,
Spotify,IN,2021-04-14,Spotify | Individual/Lite | monthly,monthly,129,,wayback,,119.0,8.4
Spotify,IN,2021-05-19,Spotify | Individual/Lite | monthly,monthly,129,,wayback,,129.0,0.0
Spotify,IN,2021-06-15,Spotify | Individual/Lite | monthly,monthly,129,,wayback,,129.0,0.0
Spotify,IN,2021-07-17,Spotify | Individual/Lite | monthly,monthly,129,,wayback,,129.0,0.0
Spotify,IN,2021-09-21,Spotify | Individual/Lite | monthly,monthly,129,,wayback,,129.0,0.0
Spotify,IN,2021-11-09,Spotify | Individual/Lite | monthly,monthly,129,,wayback,,129.0,0.0
Spotify,IN,2021-12-01,Spotify | Individual/Lite | monthly,monthly,119,,wayback,suspect,129.0,-7.8
Spotify,IN,2022-01-01,Spotify | Individual/Lite | monthly,monthly,129,,wayback,,119.0,8.4
Spotify,IN,2022-02-18,Spotify | Individual/Lite | monthly,monthly,119,,wayback,,129.0,-7.8
Spotify,IN,2022-03-07,Spotify | Individual/Lite | monthly,monthly,119,,wayback,,119.0,0.0
Spotify,IN,2022-04-18,Spotify | Individual/Lite | monthly,monthly,119,,wayback,,119.0,0.0
Spotify,IN,2022-05-18,Spotify | Individual/Lite | monthly,monthly,119,,wayback,,119.0,0.0
Spotify,IN,2022-06-12,Spotify | Individual/Lite | monthly,monthly,119,,wayback,,119.0,0.0
Spotify,IN,2022-07-13,Spotify | Individual/Lite | monthly,monthly,119,,wayback,,119.0,0.0
Spotify,IN,2022-08-14,Spotify | Individual/Lite | monthly,monthly,119,,wayback,,119.0,0.0
Spotify,IN,2022-11-05,Spotify | Individual/Lite | monthly,monthly,119,,wayback,,119.0,0.0
Spotify,IN,2022-12-02,Spotify | Individual/Lite | monthly,monthly,119,,wayback,,119.0,0.0
Spotify,IN,2023-01-05,Spotify | Individual/Lite | monthly,monthly,119,,wayback,,119.0,0.0
Spotify,IN,2023-02-01,Spotify | Individual/Lite | monthly,monthly,119,,wayback,,119.0,0.0
Spotify,IN,2023-03-08,Spotify | Individual/Lite | monthly,monthly,119,,wayback,,119.0,0.0
Spotify,IN,2023-04-01,Spotify | Individual/Lite | monthly,monthly,119,,wayback,,119.0,0.0
Spotify,IN,2023-05-04,Spotify | Individual/Lite | monthly,monthly,119,,wayback,,119.0,0.0
Spotify,IN,2023-06-08,Spotify | Individual/Lite | monthly,monthly,119,,wayback,,119.0,0.0
Spotify,IN,2023-07-25,Spotify | Individual/Lite | monthly,monthly,119,,wayback,,119.0,0.0
Spotify,IN,2023-08-18,Spotify | Individual/Lite | monthly,monthly,119,,wayback,,119.0,0.0
Spotify,IN,2023-09-24,Spotify | Individual/Lite | monthly,monthly,119,,wayback,,119.0,0.0
Spotify,IN,2023-10-01,Spotify | Individual/Lite | monthly,monthly,119,,wayback,,119.0,0.0
Spotify,IN,2023-11-06,Spotify | Individual/Lite | monthly,monthly,119,,wayback,,119.0,0.0
Spotify,IN,2024-01-23,Spotify | Individual/Lite | monthly,monthly,119,,wayback,,119.0,0.0
Spotify,IN,2024-02-03,Spotify | Individual/Lite | monthly,monthly,119,,wayback,,119.0,0.0
Spotify,IN,2024-03-09,Spotify | Individual/Lite | monthly,monthly,119,,wayback,,119.0,0.0
Spotify,IN,2024-04-19,Spotify | Individual/Lite | monthly,monthly,119,,wayback,,119.0,0.0
Spotify,IN,2024-05-10,Spotify | Individual/Lite | monthly,monthly,119,,wayback,,119.0,0.0
Spotify,IN,2024-06-21,Spotify | Individual/Lite | monthly,monthly,119,,wayback,,119.0,0.0
Spotify,IN,2024-07-06,Spotify | Individual/Lite | monthly,monthly,119,,wayback,,119.0,0.0
Spotify,IN,2024-08-17,Spotify | Individual/Lite | monthly,monthly,119,,wayback,,119.0,0.0
Spotify,IN,2024-09-07,Spotify | Individual/Lite | monthly,monthly,119,,wayback,,119.0,0.0
Spotify,IN,2024-11-25,Spotify | Individual/Lite | monthly,monthly,119,,wayback,,119.0,0.0
Spotify,IN,2024-12-10,Spotify | Individual/Lite | monthly,monthly,119,,wayback,,119.0,0.0
Spotify,IN,2025-01-16,Spotify | Individual/Lite | monthly,monthly,119,,wayback,,119.0,0.0
Spotify,IN,2025-02-26,Spotify | Individual/Lite | monthly,monthly,119,,wayback,,119.0,0.0
Spotify,IN,2025-03-14,Spotify | Individual/Lite | monthly,monthly,119,,wayback,,119.0,0.0
Spotify,IN,2025-04-09,Spotify | Individual/Lite | monthly,monthly,119,,wayback,,119.0,0.0
Spotify,IN,2025-05-05,Spotify | Individual/Lite | monthly,monthly,119,,wayback,,119.0,0.0
Spotify,IN,2025-06-02,Spotify | Individual/Lite | monthly,monthly,119,,wayback,,119.0,0.0
Spotify,IN,2025-07-10,Spotify | Individual/Lite | monthly,monthly,119,,wayback,,119.0,0.0
Spotify,IN,2025-08-04,Spotify | Individual/Lite | monthly,monthly,139,,wayback,,119.0,16.8
Spotify,IN,2025-09-23,Spotify | Individual/Lite | monthly,monthly,139,,wayback,,139.0,0.0
Spotify,IN,2025-10-08,Spotify | Individual/Lite | monthly,monthly,139,,wayback,,139.0,0.0
Spotify,IN,2025-12-02,Spotify | Individual/Lite | monthly,monthly,139,,wayback,,139.0,0.0
Spotify,IN,2026-01-01,Spotify | Individual/Lite | monthly,monthly,139,,wayback,,139.0,0.0
Spotify,IN,2026-02-03,Spotify | Individual/Lite | monthly,monthly,139,,wayback,,139.0,0.0
Spotify,IN,2026-03-03,Spotify | Individual/Lite | monthly,monthly,139,,wayback,,139.0,0.0
Spotify,IN,2026-04-17,Spotify | Individual/Lite | monthly,monthly,139,,wayback,,139.0,0.0
Spotify,IN,2026-05-06,Spotify | Individual/Lite | monthly,monthly,139,,wayback,,139.0,0.0
Spotify,IN,2025-12-02,Spotify | Platinum | monthly,monthly,299,,wayback,,,
Spotify,IN,2026-01-01,Spotify | Platinum | monthly,monthly,299,,wayback,,299.0,0.0
Spotify,IN,2026-02-03,Spotify | Platinum | monthly,monthly,299,,wayback,,299.0,0.0
Spotify,IN,2026-03-03,Spotify | Platinum | monthly,monthly,299,,wayback,,299.0,0.0
Spotify,IN,2026-04-17,Spotify | Platinum | monthly,monthly,299,,wayback,,299.0,0.0
Spotify,IN,2026-05-06,Spotify | Platinum | monthly,monthly,299,,wayback,,299.0,0.0
Spotify,IN,2026-06-16,Spotify | Platinum | monthly,monthly,299,,wayback,,299.0,0.0
Spotify,IN,2026-07-15,Spotify | Platinum | monthly,monthly,299,,wayback,,299.0,0.0
Spotify,IN,2026-08-15,Spotify | Platinum | monthly,monthly,299,,wayback,,299.0,0.0
Spotify,IN,2026-09-07,Spotify | Platinum | monthly,monthly,299,,wayback,,299.0,0.0
Spotify,IN,2025-12-02,Spotify | Standard | monthly,monthly,199,,wayback,,,
Spotify,IN,2026-01-01,Spotify | Standard | monthly,monthly,199,,wayback,,199.0,0.0
Spotify,IN,2026-02-03,Spotify | Standard | monthly,monthly,199,,wayback,,199.0,0.0
Spotify,IN,2026-03-03,Spotify | Standard | monthly,monthly,199,,wayback,,199.0,0.0
Spotify,IN,2026-04-17,Spotify | Standard | monthly,monthly,199,,wayback,,199.0,0.0
Spotify,IN,2026-05-06,Spotify | Standard | monthly,monthly,199,,wayback,,199.0,0.0
Spotify,IN,2026-06-16,Spotify | Standard | monthly,monthly,139,,wayback,,199.0,-30.2
Spotify,IN,2026-07-15,Spotify | Standard | monthly,monthly,139,,wayback,,139.0,0.0
Spotify,IN,2026-08-15,Spotify | Standard | monthly,monthly,139,,wayback,,139.0,0.0
Spotify,IN,2026-09-07,Spotify | Standard | monthly,monthly,139,,wayback,,139.0,0.0
Spotify,IN,2024-06-21,Spotify | Student | monthly,monthly,59,,wayback,,,
Spotify,IN,2024-07-06,Spotify | Student | monthly,monthly,59,,wayback,,59.0,0.0
Spotify,IN,2024-08-17,Spotify | Student | monthly,monthly,59,,wayback,,59.0,0.0
Spotify,IN,2024-09-07,Spotify | Student | monthly,monthly,59,,wayback,,59.0,0.0
Spotify,IN,2024-11-25,Spotify | Student | monthly,monthly,59,,wayback,,59.0,0.0
Spotify,IN,2024-12-10,Spotify | Student | monthly,monthly,59,,wayback,,59.0,0.0
Spotify,IN,2025-01-16,Spotify | Student | monthly,monthly,59,,wayback,,59.0,0.0
Spotify,IN,2025-02-26,Spotify | Student | monthly,monthly,59,,wayback,,59.0,0.0
Spotify,IN,2025-03-14,Spotify | Student | monthly,monthly,59,,wayback,,59.0,0.0
Spotify,IN,2025-04-09,Spotify | Student | monthly,monthly,59,,wayback,,59.0,0.0
Spotify,IN,2025-05-05,Spotify | Student | monthly,monthly,59,,wayback,,59.0,0.0
Spotify,IN,2025-06-02,Spotify | Student | monthly,monthly,59,,wayback,,59.0,0.0
Spotify,IN,2025-07-10,Spotify | Student | monthly,monthly,59,,wayback,,59.0,0.0
Spotify,IN,2025-09-23,Spotify | Student | monthly,monthly,69,,wayback,,59.0,16.9
Spotify,IN,2025-10-08,Spotify | Student | monthly,monthly,69,,wayback,,69.0,0.0
Spotify,IN,2025-12-02,Spotify | Student | monthly,monthly,99,,wayback,,69.0,43.5
Spotify,IN,2026-01-01,Spotify | Student | monthly,monthly,99,,wayback,,99.0,0.0
Spotify,IN,2026-02-03,Spotify | Student | monthly,monthly,99,,wayback,,99.0,0.0
Spotify,IN,2026-03-03,Spotify | Student | monthly,monthly,99,,wayback,,99.0,0.0
Spotify,IN,2026-04-17,Spotify | Student | monthly,monthly,99,,wayback,,99.0,0.0
Spotify,IN,2026-05-06,Spotify | Student | monthly,monthly,99,,wayback,,99.0,0.0
Spotify,IN,2026-06-16,Spotify | Student | monthly,monthly,69,,wayback,,99.0,-30.3
Spotify,IN,2026-07-15,Spotify | Student | monthly,monthly,69,,wayback,,69.0,0.0
Spotify,IN,2026-08-15,Spotify | Student | monthly,monthly,69,,wayback,,69.0,0.0
Spotify,IN,2026-09-07,Spotify | Student | monthly,monthly,69,,wayback,,69.0,0.0
YouTube,IN,2021-02-01,YouTube | Family | monthly,monthly,189,,news_reports,,,
YouTube,IN,2021-03-01,YouTube | Family | monthly,monthly,189,,news_reports,,189.0,0.0
YouTube,IN,2021-04-01,YouTube | Family | monthly,monthly,189,,news_reports,,189.0,0.0
YouTube,IN,2021-05-01,YouTube | Family | monthly,monthly,189,,news_reports,,189.0,0.0
YouTube,IN,2021-06-01,YouTube | Family | monthly,monthly,189,,news_reports,,189.0,0.0
YouTube,IN,2021-07-01,YouTube | Family | monthly,monthly,189,,news_reports,,189.0,0.0
YouTube,IN,2021-08-01,YouTube | Family | monthly,monthly,189,,news_reports,,189.0,0.0
YouTube,IN,2021-09-01,YouTube | Family | monthly,monthly,189,,news_reports,,189.0,0.0
YouTube,IN,2021-10-01,YouTube | Family | monthly,monthly,189,,news_reports,,189.0,0.0
YouTube,IN,2021-11-01,YouTube | Family | monthly,monthly,189,,news_reports,,189.0,0.0
YouTube,IN,2021-12-01,YouTube | Family | monthly,monthly,189,,news_reports,,189.0,0.0
YouTube,IN,2022-01-01,YouTube | Family | monthly,monthly,189,,news_reports,,189.0,0.0
YouTube,IN,2022-02-01,YouTube | Family | monthly,monthly,189,,news_reports,,189.0,0.0
YouTube,IN,2022-03-01,YouTube | Family | monthly,monthly,189,,news_reports,,189.0,0.0
YouTube,IN,2022-04-01,YouTube | Family | monthly,monthly,189,,news_reports,,189.0,0.0
YouTube,IN,2022-05-01,YouTube | Family | monthly,monthly,189,,news_reports,,189.0,0.0
YouTube,IN,2022-06-01,YouTube | Family | monthly,monthly,189,,news_reports,,189.0,0.0
YouTube,IN,2022-07-01,YouTube | Family | monthly,monthly,189,,news_reports,,189.0,0.0
YouTube,IN,2022-08-01,YouTube | Family | monthly,monthly,189,,news_reports,,189.0,0.0
YouTube,IN,2022-09-01,YouTube | Family | monthly,monthly,189,,news_reports,,189.0,0.0
YouTube,IN,2022-10-01,YouTube | Family | monthly,monthly,189,,news_reports,,189.0,0.0
YouTube,IN,2022-11-01,YouTube | Family | monthly,monthly,189,,news_reports,,189.0,0.0
YouTube,IN,2022-12-01,YouTube | Family | monthly,monthly,189,,news_reports,,189.0,0.0
YouTube,IN,2023-01-01,YouTube | Family | monthly,monthly,189,,news_reports,,189.0,0.0
YouTube,IN,2023-02-01,YouTube | Family | monthly,monthly,189,,news_reports,,189.0,0.0
YouTube,IN,2023-03-01,YouTube | Family | monthly,monthly,189,,news_reports,,189.0,0.0
YouTube,IN,2023-04-01,YouTube | Family | monthly,monthly,189,,news_reports,,189.0,0.0
YouTube,IN,2023-05-01,YouTube | Family | monthly,monthly,189,,news_reports,,189.0,0.0
YouTube,IN,2023-06-01,YouTube | Family | monthly,monthly,189,,news_reports,,189.0,0.0
YouTube,IN,2023-07-01,YouTube | Family | monthly,monthly,189,,news_reports,,189.0,0.0
YouTube,IN,2023-08-01,YouTube | Family | monthly,monthly,189,,news_reports,,189.0,0.0
YouTube,IN,2023-09-01,YouTube | Family | monthly,monthly,189,,news_reports,,189.0,0.0
YouTube,IN,2023-10-01,YouTube | Family | monthly,monthly,189,,news_reports,,189.0,0.0
YouTube,IN,2023-11-01,YouTube | Family | monthly,monthly,189,,news_reports,,189.0,0.0
YouTube,IN,2023-12-01,YouTube | Family | monthly,monthly,189,,news_reports,,189.0,0.0
YouTube,IN,2024-01-01,YouTube | Family | monthly,monthly,189,,news_reports,,189.0,0.0
YouTube,IN,2024-02-01,YouTube | Family | monthly,monthly,189,,news_reports,,189.0,0.0
YouTube,IN,2024-03-01,YouTube | Family | monthly,monthly,189,,news_reports,,189.0,0.0
YouTube,IN,2024-04-01,YouTube | Family | monthly,monthly,189,,news_reports,,189.0,0.0
YouTube,IN,2024-05-01,YouTube | Family | monthly,monthly,189,,news_reports,,189.0,0.0
YouTube,IN,2024-06-01,YouTube | Family | monthly,monthly,189,,news_reports,,189.0,0.0
YouTube,IN,2024-07-01,YouTube | Family | monthly,monthly,189,,news_reports,,189.0,0.0
YouTube,IN,2024-08-01,YouTube | Family | monthly,monthly,189,,news_reports,,189.0,0.0
YouTube,IN,2024-09-01,YouTube | Family | monthly,monthly,299,,news_reports,,189.0,58.2
YouTube,IN,2024-10-01,YouTube | Family | monthly,monthly,299,,news_reports,,299.0,0.0
YouTube,IN,2024-11-01,YouTube | Family | monthly,monthly,299,,news_reports,,299.0,0.0
YouTube,IN,2024-12-01,YouTube | Family | monthly,monthly,299,,news_reports,,299.0,0.0
YouTube,IN,2025-01-01,YouTube | Family | monthly,monthly,299,,news_reports,,299.0,0.0
YouTube,IN,2025-02-01,YouTube | Family | monthly,monthly,299,,news_reports,,299.0,0.0
YouTube,IN,2025-03-01,YouTube | Family | monthly,monthly,299,,news_reports,,299.0,0.0
YouTube,IN,2025-04-01,YouTube | Family | monthly,monthly,299,,news_reports,,299.0,0.0
YouTube,IN,2025-05-01,YouTube | Family | monthly,monthly,299,,news_reports,,299.0,0.0
YouTube,IN,2025-06-01,YouTube | Family | monthly,monthly,299,,news_reports,,299.0,0.0
YouTube,IN,2025-07-01,YouTube | Family | monthly,monthly,299,,news_reports,,299.0,0.0
YouTube,IN,2025-08-01,YouTube | Family | monthly,monthly,299,,news_reports,,299.0,0.0
YouTube,IN,2025-09-01,YouTube | Family | monthly,monthly,299,,news_reports,,299.0,0.0
YouTube,IN,2025-10-01,YouTube | Family | monthly,monthly,299,,news_reports,,299.0,0.0
YouTube,IN,2025-11-01,YouTube | Family | monthly,monthly,299,,news_reports,,299.0,0.0
YouTube,IN,2025-12-01,YouTube | Family | monthly,monthly,299,,news_reports,,299.0,0.0
YouTube,IN,2026-01-01,YouTube | Family | monthly,monthly,299,,news_reports,,299.0,0.0
YouTube,IN,2026-02-01,YouTube | Family | monthly,monthly,299,,news_reports,,299.0,0.0
YouTube,IN,2026-03-01,YouTube | Family | monthly,monthly,299,,news_reports,,299.0,0.0
YouTube,IN,2026-04-01,YouTube | Family | monthly,monthly,299,,news_reports,,299.0,0.0
YouTube,IN,2026-05-01,YouTube | Family | monthly,monthly,299,,news_reports,,299.0,0.0
YouTube,IN,2026-06-01,YouTube | Family | monthly,monthly,299,,news_reports,,299.0,0.0
YouTube,IN,2026-07-01,YouTube | Family | monthly,monthly,299,,news_reports,,299.0,0.0
YouTube,IN,2026-08-01,YouTube | Family | monthly,monthly,299,,news_reports,,299.0,0.0
YouTube,IN,2026-09-01,YouTube | Family | monthly,monthly,299,,news_reports,,299.0,0.0
YouTube,IN,2021-02-01,YouTube | Individual | monthly,monthly,129,,news_reports,,,
YouTube,IN,2021-03-01,YouTube | Individual | monthly,monthly,129,,news_reports,,129.0,0.0
YouTube,IN,2021-04-01,YouTube | Individual | monthly,monthly,129,,news_reports,,129.0,0.0
YouTube,IN,2021-05-01,YouTube | Individual | monthly,monthly,129,,news_reports,,129.0,0.0
YouTube,IN,2021-06-01,YouTube | Individual | monthly,monthly,129,,news_reports,,129.0,0.0
YouTube,IN,2021-07-01,YouTube | Individual | monthly,monthly,129,,news_reports,,129.0,0.0
YouTube,IN,2021-08-01,YouTube | Individual | monthly,monthly,129,,news_reports,,129.0,0.0
YouTube,IN,2021-09-01,YouTube | Individual | monthly,monthly,129,,news_reports,,129.0,0.0
YouTube,IN,2021-10-01,YouTube | Individual | monthly,monthly,129,,news_reports,,129.0,0.0
YouTube,IN,2021-11-01,YouTube | Individual | monthly,monthly,129,,news_reports,,129.0,0.0
YouTube,IN,2021-12-01,YouTube | Individual | monthly,monthly,129,,news_reports,,129.0,0.0
YouTube,IN,2022-01-01,YouTube | Individual | monthly,monthly,129,,news_reports,,129.0,0.0
YouTube,IN,2022-02-01,YouTube | Individual | monthly,monthly,129,,news_reports,,129.0,0.0
YouTube,IN,2022-03-01,YouTube | Individual | monthly,monthly,129,,news_reports,,129.0,0.0
YouTube,IN,2022-04-01,YouTube | Individual | monthly,monthly,129,,news_reports,,129.0,0.0
YouTube,IN,2022-05-01,YouTube | Individual | monthly,monthly,129,,news_reports,,129.0,0.0
YouTube,IN,2022-06-01,YouTube | Individual | monthly,monthly,129,,news_reports,,129.0,0.0
YouTube,IN,2022-07-01,YouTube | Individual | monthly,monthly,129,,news_reports,,129.0,0.0
YouTube,IN,2022-08-01,YouTube | Individual | monthly,monthly,129,,news_reports,,129.0,0.0
YouTube,IN,2022-09-01,YouTube | Individual | monthly,monthly,129,,news_reports,,129.0,0.0
YouTube,IN,2022-10-01,YouTube | Individual | monthly,monthly,129,,news_reports,,129.0,0.0
YouTube,IN,2022-11-01,YouTube | Individual | monthly,monthly,129,,news_reports,,129.0,0.0
YouTube,IN,2022-12-01,YouTube | Individual | monthly,monthly,129,,news_reports,,129.0,0.0
YouTube,IN,2023-01-01,YouTube | Individual | monthly,monthly,129,,news_reports,,129.0,0.0
YouTube,IN,2023-02-01,YouTube | Individual | monthly,monthly,129,,news_reports,,129.0,0.0
YouTube,IN,2023-03-01,YouTube | Individual | monthly,monthly,129,,news_reports,,129.0,0.0
YouTube,IN,2023-04-01,YouTube | Individual | monthly,monthly,129,,news_reports,,129.0,0.0
YouTube,IN,2023-05-01,YouTube | Individual | monthly,monthly,129,,news_reports,,129.0,0.0
YouTube,IN,2023-06-01,YouTube | Individual | monthly,monthly,129,,news_reports,,129.0,0.0
YouTube,IN,2023-07-01,YouTube | Individual | monthly,monthly,129,,news_reports,,129.0,0.0
YouTube,IN,2023-08-01,YouTube | Individual | monthly,monthly,129,,news_reports,,129.0,0.0
YouTube,IN,2023-09-01,YouTube | Individual | monthly,monthly,129,,news_reports,,129.0,0.0
YouTube,IN,2023-10-01,YouTube | Individual | monthly,monthly,129,,news_reports,,129.0,0.0
YouTube,IN,2023-11-01,YouTube | Individual | monthly,monthly,129,,news_reports,,129.0,0.0
YouTube,IN,2023-12-01,YouTube | Individual | monthly,monthly,129,,news_reports,,129.0,0.0
YouTube,IN,2024-01-01,YouTube | Individual | monthly,monthly,129,,news_reports,,129.0,0.0
YouTube,IN,2024-02-01,YouTube | Individual | monthly,monthly,129,,news_reports,,129.0,0.0
YouTube,IN,2024-03-01,YouTube | Individual | monthly,monthly,129,,news_reports,,129.0,0.0
YouTube,IN,2024-04-01,YouTube | Individual | monthly,monthly,129,,news_reports,,129.0,0.0
YouTube,IN,2024-05-01,YouTube | Individual | monthly,monthly,129,,news_reports,,129.0,0.0
YouTube,IN,2024-06-01,YouTube | Individual | monthly,monthly,129,,news_reports,,129.0,0.0
YouTube,IN,2024-07-01,YouTube | Individual | monthly,monthly,129,,news_reports,,129.0,0.0
YouTube,IN,2024-08-01,YouTube | Individual | monthly,monthly,129,,news_reports,,129.0,0.0
YouTube,IN,2024-09-01,YouTube | Individual | monthly,monthly,149,,news_reports,,129.0,15.5
YouTube,IN,2024-10-01,YouTube | Individual | monthly,monthly,149,,news_reports,,149.0,0.0
YouTube,IN,2024-11-01,YouTube | Individual | monthly,monthly,149,,news_reports,,149.0,0.0
YouTube,IN,2024-12-01,YouTube | Individual | monthly,monthly,149,,news_reports,,149.0,0.0
YouTube,IN,2025-01-01,YouTube | Individual | monthly,monthly,149,,news_reports,,149.0,0.0
YouTube,IN,2025-02-01,YouTube | Individual | monthly,monthly,149,,news_reports,,149.0,0.0
YouTube,IN,2025-03-01,YouTube | Individual | monthly,monthly,149,,news_reports,,149.0,0.0
YouTube,IN,2025-04-01,YouTube | Individual | monthly,monthly,149,,news_reports,,149.0,0.0
YouTube,IN,2025-05-01,YouTube | Individual | monthly,monthly,149,,news_reports,,149.0,0.0
YouTube,IN,2025-06-01,YouTube | Individual | monthly,monthly,149,,news_reports,,149.0,0.0
YouTube,IN,2025-07-01,YouTube | Individual | monthly,monthly,149,,news_reports,,149.0,0.0
YouTube,IN,2025-08-01,YouTube | Individual | monthly,monthly,149,,news_reports,,149.0,0.0
YouTube,IN,2025-09-01,YouTube | Individual | monthly,monthly,149,,news_reports,,149.0,0.0
YouTube,IN,2025-10-01,YouTube | Individual | monthly,monthly,149,,news_reports,,149.0,0.0
YouTube,IN,2025-11-01,YouTube | Individual | monthly,monthly,149,,news_reports,,149.0,0.0
YouTube,IN,2025-12-01,YouTube | Individual | monthly,monthly,149,,news_reports,,149.0,0.0
YouTube,IN,2026-01-01,YouTube | Individual | monthly,monthly,149,,news_reports,,149.0,0.0
YouTube,IN,2026-02-01,YouTube | Individual | monthly,monthly,149,,news_reports,,149.0,0.0
YouTube,IN,2026-03-01,YouTube | Individual | monthly,monthly,149,,news_reports,,149.0,0.0
YouTube,IN,2026-04-01,YouTube | Individual | monthly,monthly,149,,news_reports,,149.0,0.0
YouTube,IN,2026-05-01,YouTube | Individual | monthly,monthly,149,,news_reports,,149.0,0.0
YouTube,IN,2026-06-01,YouTube | Individual | monthly,monthly,149,,news_reports,,149.0,0.0
YouTube,IN,2026-07-01,YouTube | Individual | monthly,monthly,149,,news_reports,,149.0,0.0
YouTube,IN,2026-08-01,YouTube | Individual | monthly,monthly,149,,news_reports,,149.0,0.0
YouTube,IN,2026-09-01,YouTube | Individual | monthly,monthly,149,,news_reports,,149.0,0.0
YouTube,IN,2025-10-01,YouTube | Lite | monthly,monthly,89,,news_reports,,,
YouTube,IN,2025-11-01,YouTube | Lite | monthly,monthly,89,,news_reports,,89.0,0.0
YouTube,IN,2025-12-01,YouTube | Lite | monthly,monthly,89,,news_reports,,89.0,0.0
YouTube,IN,2026-01-01,YouTube | Lite | monthly,monthly,89,,news_reports,,89.0,0.0
YouTube,IN,2026-02-01,YouTube | Lite | monthly,monthly,89,,news_reports,,89.0,0.0
YouTube,IN,2026-03-01,YouTube | Lite | monthly,monthly,89,,news_reports,,89.0,0.0
YouTube,IN,2026-04-01,YouTube | Lite | monthly,monthly,89,,news_reports,,89.0,0.0
YouTube,IN,2026-05-01,YouTube | Lite | monthly,monthly,89,,news_reports,,89.0,0.0
YouTube,IN,2026-06-01,YouTube | Lite | monthly,monthly,89,,news_reports,,89.0,0.0
YouTube,IN,2026-07-01,YouTube | Lite | monthly,monthly,89,,news_reports,,89.0,0.0
YouTube,IN,2026-08-01,YouTube | Lite | monthly,monthly,89,,news_reports,,89.0,0.0
YouTube,IN,2026-09-01,YouTube | Lite | monthly,monthly,89,,news_reports,,89.0,0.0
YouTube,IN,2021-02-01,YouTube | Student | monthly,monthly,79,,news_reports,,,
YouTube,IN,2021-03-01,YouTube | Student | monthly,monthly,79,,news_reports,,79.0,0.0
YouTube,IN,2021-04-01,YouTube | Student | monthly,monthly,79,,news_reports,,79.0,0.0
YouTube,IN,2021-05-01,YouTube | Student | monthly,monthly,79,,news_reports,,79.0,0.0
YouTube,IN,2021-06-01,YouTube | Student | monthly,monthly,79,,news_reports,,79.0,0.0
YouTube,IN,2021-07-01,YouTube | Student | monthly,monthly,79,,news_reports,,79.0,0.0
YouTube,IN,2021-08-01,YouTube | Student | monthly,monthly,79,,news_reports,,79.0,0.0
YouTube,IN,2021-09-01,YouTube | Student | monthly,monthly,79,,news_reports,,79.0,0.0
YouTube,IN,2021-10-01,YouTube | Student | monthly,monthly,79,,news_reports,,79.0,0.0
YouTube,IN,2021-11-01,YouTube | Student | monthly,monthly,79,,news_reports,,79.0,0.0
YouTube,IN,2021-12-01,YouTube | Student | monthly,monthly,79,,news_reports,,79.0,0.0
YouTube,IN,2022-01-01,YouTube | Student | monthly,monthly,79,,news_reports,,79.0,0.0
YouTube,IN,2022-02-01,YouTube | Student | monthly,monthly,79,,news_reports,,79.0,0.0
YouTube,IN,2022-03-01,YouTube | Student | monthly,monthly,79,,news_reports,,79.0,0.0
YouTube,IN,2022-04-01,YouTube | Student | monthly,monthly,79,,news_reports,,79.0,0.0
YouTube,IN,2022-05-01,YouTube | Student | monthly,monthly,79,,news_reports,,79.0,0.0
YouTube,IN,2022-06-01,YouTube | Student | monthly,monthly,79,,news_reports,,79.0,0.0
YouTube,IN,2022-07-01,YouTube | Student | monthly,monthly,79,,news_reports,,79.0,0.0
YouTube,IN,2022-08-01,YouTube | Student | monthly,monthly,79,,news_reports,,79.0,0.0
YouTube,IN,2022-09-01,YouTube | Student | monthly,monthly,79,,news_reports,,79.0,0.0
YouTube,IN,2022-10-01,YouTube | Student | monthly,monthly,79,,news_reports,,79.0,0.0
YouTube,IN,2022-11-01,YouTube | Student | monthly,monthly,79,,news_reports,,79.0,0.0
YouTube,IN,2022-12-01,YouTube | Student | monthly,monthly,79,,news_reports,,79.0,0.0
YouTube,IN,2023-01-01,YouTube | Student | monthly,monthly,79,,news_reports,,79.0,0.0
YouTube,IN,2023-02-01,YouTube | Student | monthly,monthly,79,,news_reports,,79.0,0.0
YouTube,IN,2023-03-01,YouTube | Student | monthly,monthly,79,,news_reports,,79.0,0.0
YouTube,IN,2023-04-01,YouTube | Student | monthly,monthly,79,,news_reports,,79.0,0.0
YouTube,IN,2023-05-01,YouTube | Student | monthly,monthly,79,,news_reports,,79.0,0.0
YouTube,IN,2023-06-01,YouTube | Student | monthly,monthly,79,,news_reports,,79.0,0.0
YouTube,IN,2023-07-01,YouTube | Student | monthly,monthly,79,,news_reports,,79.0,0.0
YouTube,IN,2023-08-01,YouTube | Student | monthly,monthly,79,,news_reports,,79.0,0.0
YouTube,IN,2023-09-01,YouTube | Student | monthly,monthly,79,,news_reports,,79.0,0.0
YouTube,IN,2023-10-01,YouTube | Student | monthly,monthly,79,,news_reports,,79.0,0.0
YouTube,IN,2023-11-01,YouTube | Student | monthly,monthly,79,,news_reports,,79.0,0.0
YouTube,IN,2023-12-01,YouTube | Student | monthly,monthly,79,,news_reports,,79.0,0.0
YouTube,IN,2024-01-01,YouTube | Student | monthly,monthly,79,,news_reports,,79.0,0.0
YouTube,IN,2024-02-01,YouTube | Student | monthly,monthly,79,,news_reports,,79.0,0.0
YouTube,IN,2024-03-01,YouTube | Student | monthly,monthly,79,,news_reports,,79.0,0.0
YouTube,IN,2024-04-01,YouTube | Student | monthly,monthly,79,,news_reports,,79.0,0.0
YouTube,IN,2024-05-01,YouTube | Student | monthly,monthly,79,,news_reports,,79.0,0.0
YouTube,IN,2024-06-01,YouTube | Student | monthly,monthly,79,,news_reports,,79.0,0.0
YouTube,IN,2024-07-01,YouTube | Student | monthly,monthly,79,,news_reports,,79.0,0.0
YouTube,IN,2024-08-01,YouTube | Student | monthly,monthly,79,,news_reports,,79.0,0.0
YouTube,IN,2024-09-01,YouTube | Student | monthly,monthly,89,,news_reports,,79.0,12.7
YouTube,IN,2024-10-01,YouTube | Student | monthly,monthly,89,,news_reports,,89.0,0.0
YouTube,IN,2024-11-01,YouTube | Student | monthly,monthly,89,,news_reports,,89.0,0.0
YouTube,IN,2024-12-01,YouTube | Student | monthly,monthly,89,,news_reports,,89.0,0.0
YouTube,IN,2025-01-01,YouTube | Student | monthly,monthly,89,,news_reports,,89.0,0.0
YouTube,IN,2025-02-01,YouTube | Student | monthly,monthly,89,,news_reports,,89.0,0.0
YouTube,IN,2025-03-01,YouTube | Student | monthly,monthly,89,,news_reports,,89.0,0.0
YouTube,IN,2025-04-01,YouTube | Student | monthly,monthly,89,,news_reports,,89.0,0.0
YouTube,IN,2025-05-01,YouTube | Student | monthly,monthly,89,,news_reports,,89.0,0.0
YouTube,IN,2025-06-01,YouTube | Student | monthly,monthly,89,,news_reports,,89.0,0.0
YouTube,IN,2025-07-01,YouTube | Student | monthly,monthly,89,,news_reports,,89.0,0.0
YouTube,IN,2025-08-01,YouTube | Student | monthly,monthly,89,,news_reports,,89.0,0.0
YouTube,IN,2025-09-01,YouTube | Student | monthly,monthly,89,,news_reports,,89.0,0.0
YouTube,IN,2025-10-01,YouTube | Student | monthly,monthly,89,,news_reports,,89.0,0.0
YouTube,IN,2025-11-01,YouTube | Student | monthly,monthly,89,,news_reports,,89.0,0.0
YouTube,IN,2025-12-01,YouTube | Student | monthly,monthly,89,,news_reports,,89.0,0.0
YouTube,IN,2026-01-01,YouTube | Student | monthly,monthly,89,,news_reports,,89.0,0.0
YouTube,IN,2026-02-01,YouTube | Student | monthly,monthly,89,,news_reports,,89.0,0.0
YouTube,IN,2026-03-01,YouTube | Student | monthly,monthly,89,,news_reports,,89.0,0.0
YouTube,IN,2026-04-01,YouTube | Student | monthly,monthly,89,,news_reports,,89.0,0.0
YouTube,IN,2026-05-01,YouTube | Student | monthly,monthly,89,,news_reports,,89.0,0.0
YouTube,IN,2026-06-01,YouTube | Student | monthly,monthly,89,,news_reports,,89.0,0.0
YouTube,IN,2026-07-01,YouTube | Student | monthly,monthly,89,,news_reports,,89.0,0.0
YouTube,IN,2026-08-01,YouTube | Student | monthly,monthly,89,,news_reports,,89.0,0.0
YouTube,IN,2026-09-01,YouTube | Student | monthly,monthly,89,,news_reports,,89.0,0.0
ZEE5,IN,2023-09-30,ZEE5 | Premium 4K | annual,annual,1499,1999,wayback,,,
ZEE5,IN,2023-12-07,ZEE5 | Premium 4K | annual,annual,1199,1999,wayback,,1499.0,-20.0
ZEE5,IN,2024-01-02,ZEE5 | Premium 4K | annual,annual,1199,1999,wayback,,1199.0,0.0
ZEE5,IN,2024-02-15,ZEE5 | Premium 4K | annual,annual,1199,1999,wayback,,1199.0,0.0
ZEE5,IN,2024-04-17,ZEE5 | Premium 4K | annual,annual,1199,1999,wayback,,1199.0,0.0
ZEE5,IN,2024-05-17,ZEE5 | Premium 4K | annual,annual,1199,1999,wayback,,1199.0,0.0
ZEE5,IN,2024-06-08,ZEE5 | Premium 4K | annual,annual,1199,1999,wayback,,1199.0,0.0
ZEE5,IN,2024-08-03,ZEE5 | Premium 4K | annual,annual,1199,1999,wayback,,1199.0,0.0
ZEE5,IN,2024-09-16,ZEE5 | Premium 4K | annual,annual,1199,1999,wayback,,1199.0,0.0
ZEE5,IN,2024-10-01,ZEE5 | Premium 4K | annual,annual,1299,1999,wayback,,1199.0,8.3
ZEE5,IN,2024-11-28,ZEE5 | Premium 4K | annual,annual,1299,1999,wayback,,1299.0,0.0
ZEE5,IN,2024-12-03,ZEE5 | Premium 4K | annual,annual,1299,1999,wayback,,1299.0,0.0
ZEE5,IN,2025-01-16,ZEE5 | Premium 4K | monthly,monthly,299,399,wayback,,,
ZEE5,IN,2025-02-05,ZEE5 | Premium 4K | monthly,monthly,299,399,wayback,,299.0,0.0
ZEE5,IN,2025-03-03,ZEE5 | Premium 4K | monthly,monthly,299,399,wayback,,299.0,0.0
ZEE5,IN,2025-04-09,ZEE5 | Premium 4K | monthly,monthly,299,399,wayback,,299.0,0.0
ZEE5,IN,2023-12-07,ZEE5 | Premium HD | 6 months,6 months,599,599,wayback,,,
ZEE5,IN,2024-01-02,ZEE5 | Premium HD | 6 months,6 months,599,649,wayback,,599.0,0.0
ZEE5,IN,2024-02-15,ZEE5 | Premium HD | 6 months,6 months,699,749,wayback,,599.0,16.7
ZEE5,IN,2024-04-17,ZEE5 | Premium HD | 6 months,6 months,699,749,wayback,,699.0,0.0
ZEE5,IN,2024-05-17,ZEE5 | Premium HD | 6 months,6 months,699,749,wayback,,699.0,0.0
ZEE5,IN,2024-06-08,ZEE5 | Premium HD | 6 months,6 months,699,699,wayback,,699.0,0.0
ZEE5,IN,2024-08-03,ZEE5 | Premium HD | 6 months,6 months,699,699,wayback,,699.0,0.0
ZEE5,IN,2023-09-30,ZEE5 | Premium HD | annual,annual,899,999,wayback,,,
ZEE5,IN,2023-12-07,ZEE5 | Premium HD | annual,annual,899,999,wayback,,899.0,0.0
ZEE5,IN,2024-01-02,ZEE5 | Premium HD | annual,annual,899,999,wayback,,899.0,0.0
ZEE5,IN,2024-02-15,ZEE5 | Premium HD | annual,annual,999,1199,wayback,,899.0,11.1
ZEE5,IN,2024-04-17,ZEE5 | Premium HD | annual,annual,899,1199,wayback,,999.0,-10.0
ZEE5,IN,2024-05-17,ZEE5 | Premium HD | annual,annual,899,1199,wayback,,899.0,0.0
ZEE5,IN,2024-06-08,ZEE5 | Premium HD | annual,annual,899,1199,wayback,,899.0,0.0
ZEE5,IN,2024-08-03,ZEE5 | Premium HD | annual,annual,899,1199,wayback,,899.0,0.0
ZEE5,IN,2024-09-16,ZEE5 | Premium HD | annual,annual,899,1199,wayback,,899.0,0.0
ZEE5,IN,2024-10-01,ZEE5 | Premium HD | annual,annual,999,1199,wayback,,899.0,11.1
ZEE5,IN,2024-11-28,ZEE5 | Premium HD | annual,annual,999,1199,wayback,,999.0,0.0
ZEE5,IN,2024-12-03,ZEE5 | Premium HD | annual,annual,999,1199,wayback,,999.0,0.0
ZEE5,IN,2024-09-16,ZEE5 | Premium HD | monthly,monthly,199,299,wayback,,,
ZEE5,IN,2024-10-01,ZEE5 | Premium HD | monthly,monthly,199,299,wayback,,199.0,0.0
ZEE5,IN,2025-01-16,ZEE5 | Premium HD | monthly,monthly,199,299,wayback,,199.0,0.0
ZEE5,IN,2025-02-05,ZEE5 | Premium HD | monthly,monthly,199,299,wayback,,199.0,0.0
ZEE5,IN,2024-11-28,ZEE5 | South 4K | annual,annual,749,1199,wayback,,,
ZEE5,IN,2024-12-03,ZEE5 | South 4K | monthly,monthly,149,249,wayback,,,
ZEE5,IN,2025-01-16,ZEE5 | South 4K | monthly,monthly,149,249,wayback,,149.0,0.0
ZEE5,IN,2025-02-05,ZEE5 | South 4K | monthly,monthly,149,249,wayback,,149.0,0.0
ZEE5,IN,2025-03-03,ZEE5 | South 4K | monthly,monthly,149,249,wayback,,149.0,0.0
ZEE5,IN,2025-04-09,ZEE5 | South 4K | monthly,monthly,149,249,wayback,,149.0,0.0
